{"cameraMode":{"drawMode":0,"name":"Shaded","section":"Shading Mode"},"sceneLighting":true,"audioPlay":false,"sceneViewState":{"m_AlwaysRefresh":false,"showFog":true,"showSkybox":true,"showFlares":true,"showImageEffects":true,"showParticleSystems":true,"showVisualEffectGraphs":true,"m_FxEnabled":true},"in2DMode":false,"pivot":{"x":7.385209083557129,"y":6.50866174697876,"z":54.193206787109378},"rotation":{"x":-0.040614426136016849,"y":0.1693006157875061,"z":0.00640255119651556,"w":0.9842507839202881},"size":25.298946380615236,"orthographic":false}